,precision,recall,f1-score,support
0,0.5714285714285714,0.5714285714285714,0.5714285714285714,7.0
2,1.0,0.6,0.7499999999999999,5.0
3,0.5559440559440559,0.9464285714285714,0.7004405286343611,168.0
4,0.6666666666666666,0.3333333333333333,0.4444444444444444,6.0
5,1.0,0.75,0.8571428571428571,4.0
6,0.6666666666666666,0.45454545454545453,0.5405405405405405,22.0
7,0.75,0.375,0.5,24.0
8,0.8333333333333334,0.5555555555555556,0.6666666666666667,45.0
9,0.0,0.0,0.0,1.0
10,0.8571428571428571,0.8571428571428571,0.8571428571428571,14.0
11,1.0,0.06666666666666667,0.125,15.0
12,1.0,0.08333333333333333,0.15384615384615385,12.0
13,0.6363636363636364,0.3333333333333333,0.43749999999999994,21.0
14,0.72,0.6923076923076923,0.7058823529411765,26.0
15,1.0,0.29411764705882354,0.45454545454545453,17.0
16,0.8571428571428571,0.2727272727272727,0.41379310344827586,22.0
17,1.0,0.3,0.4615384615384615,10.0
18,0.75,0.2727272727272727,0.39999999999999997,11.0
accuracy,0.6302325581395349,0.6302325581395349,0.6302325581395349,0.6302325581395349
macro avg,0.7702604802604802,0.43103597564381874,0.5022173329066567,430.0
weighted avg,0.7110605750838309,0.6302325581395349,0.5919042777647593,430.0
