,precision,recall,f1-score,support
0,1.0,0.18181818181818182,0.3076923076923077,11.0
1,0.0,0.0,0.0,1.0
2,1.0,0.42857142857142855,0.6,7.0
3,0.5410447761194029,0.9235668789808917,0.6823529411764706,157.0
4,1.0,0.25,0.4,4.0
6,0.7058823529411765,0.41379310344827586,0.5217391304347826,29.0
7,0.6363636363636364,0.3684210526315789,0.4666666666666667,19.0
8,0.7692307692307693,0.45454545454545453,0.5714285714285714,44.0
9,0.5,1.0,0.6666666666666666,1.0
10,0.7894736842105263,1.0,0.8823529411764706,15.0
11,0.5555555555555556,0.5,0.5263157894736842,10.0
12,0.75,0.5,0.6,18.0
13,0.6842105263157895,0.5,0.5777777777777778,26.0
14,0.6842105263157895,0.6190476190476191,0.6500000000000001,21.0
15,0.5,0.1111111111111111,0.1818181818181818,18.0
16,0.5555555555555556,0.2,0.29411764705882354,25.0
17,1.0,0.4,0.5714285714285715,10.0
18,0.8,0.2857142857142857,0.4210526315789473,14.0
accuracy,0.6069767441860465,0.6069767441860465,0.6069767441860465,0.6069767441860465
macro avg,0.6928626323671223,0.4520327286593793,0.4956338791321067,430.0
weighted avg,0.6534793615524367,0.6069767441860465,0.5728512038332916,430.0
