,precision,recall,f1-score,support
0,1.0,0.5714285714285714,0.7272727272727273,7.0
2,1.0,0.375,0.5454545454545454,8.0
3,0.5476190476190477,0.9452054794520548,0.6934673366834171,146.0
4,1.0,0.5,0.6666666666666666,2.0
5,1.0,0.3333333333333333,0.5,3.0
6,0.6666666666666666,0.3333333333333333,0.4444444444444444,30.0
7,0.5555555555555556,0.5,0.5263157894736842,20.0
8,0.71875,0.5609756097560976,0.6301369863013699,41.0
9,0.0,0.0,0.0,1.0
10,0.7777777777777778,0.875,0.823529411764706,16.0
11,0.6666666666666666,0.5,0.5714285714285715,20.0
12,0.8,0.26666666666666666,0.4,15.0
13,0.6923076923076923,0.32142857142857145,0.4390243902439025,28.0
14,0.7222222222222222,0.6190476190476191,0.6666666666666666,21.0
15,0.7857142857142857,0.5,0.6111111111111112,22.0
16,0.8571428571428571,0.2608695652173913,0.4,23.0
17,0.6666666666666666,0.4,0.5,10.0
18,0.75,0.35294117647058826,0.48,17.0
accuracy,0.6209302325581395,0.6209302325581395,0.6209302325581395,0.6209302325581395
macro avg,0.7337271910188576,0.4564016625630127,0.5347510359728785,430.0
weighted avg,0.6727394617656245,0.6209302325581395,0.595189639285817,430.0
