,precision,recall,f1-score,support
0,1.0,0.3333333333333333,0.5,6.0
1,0.0,0.0,0.0,1.0
2,1.0,0.4,0.5714285714285715,10.0
3,0.5433962264150943,0.9171974522292994,0.6824644549763033,157.0
4,0.0,0.0,0.0,3.0
5,1.0,0.5,0.6666666666666666,4.0
6,0.75,0.45454545454545453,0.5660377358490566,33.0
7,0.7142857142857143,0.23809523809523808,0.35714285714285715,21.0
8,0.7857142857142857,0.55,0.6470588235294117,40.0
10,0.8666666666666667,0.8666666666666667,0.8666666666666667,15.0
11,0.8,0.5714285714285714,0.6666666666666666,7.0
12,1.0,0.46153846153846156,0.631578947368421,13.0
13,0.7058823529411765,0.46153846153846156,0.558139534883721,26.0
14,0.68,0.7083333333333334,0.6938775510204083,24.0
15,0.8888888888888888,0.32,0.47058823529411764,25.0
16,0.6875,0.4583333333333333,0.5499999999999999,24.0
17,0.5,0.4,0.4444444444444445,5.0
18,1.0,0.3125,0.47619047619047616,16.0
accuracy,0.6325581395348837,0.6325581395348837,0.6325581395348837,0.6325581395348837
macro avg,0.717907451939546,0.4418616836690086,0.5193862017848772,430.0
weighted avg,0.6976440520335676,0.6325581395348837,0.6103193671487739,430.0
