,precision,recall,f1-score,support
0,1.0,0.25,0.4,12.0
1,0.0,0.0,0.0,1.0
2,1.0,0.2857142857142857,0.4444444444444445,7.0
3,0.5802919708029197,0.9408284023668639,0.7178329571106095,169.0
4,0.0,0.0,0.0,2.0
5,1.0,0.5,0.6666666666666666,2.0
6,0.6923076923076923,0.36,0.47368421052631576,25.0
7,0.6,0.375,0.4615384615384615,16.0
8,0.7741935483870968,0.6666666666666666,0.7164179104477612,36.0
10,0.9166666666666666,0.7857142857142857,0.8461538461538461,14.0
11,0.6470588235294118,0.6470588235294118,0.6470588235294118,17.0
12,1.0,0.15384615384615385,0.2666666666666667,13.0
13,0.65,0.38235294117647056,0.48148148148148157,34.0
14,0.68,0.68,0.68,25.0
15,1.0,0.2,0.33333333333333337,15.0
16,0.7857142857142857,0.4230769230769231,0.55,26.0
17,1.0,0.25,0.4,8.0
18,1.0,0.125,0.2222222222222222,8.0
accuracy,0.6395348837209303,0.6395348837209303,0.6395348837209303,0.6395348837209303
macro avg,0.7403462770782263,0.39029213789394784,0.4615278346734011,430.0
weighted avg,0.700488157854014,0.6395348837209303,0.6035742983279041,430.0
