,precision,recall,f1-score,support
0,0.7142857142857143,0.45454545454545453,0.5555555555555556,11.0
2,1.0,0.2,0.33333333333333337,10.0
3,0.5174825174825175,0.9548387096774194,0.671201814058957,155.0
4,1.0,0.5,0.6666666666666666,2.0
5,0.0,0.0,0.0,2.0
6,0.5294117647058824,0.3,0.3829787234042553,30.0
7,0.5714285714285714,0.15384615384615385,0.24242424242424246,26.0
8,0.8,0.375,0.5106382978723405,32.0
9,0.0,0.0,0.0,1.0
10,0.7058823529411765,0.7058823529411765,0.7058823529411765,17.0
11,0.5714285714285714,0.4444444444444444,0.5,18.0
12,0.6666666666666666,0.4,0.5,15.0
13,0.6,0.36,0.45,25.0
14,0.7272727272727273,0.64,0.6808510638297872,25.0
15,0.8,0.18181818181818182,0.2962962962962963,22.0
16,0.7,0.3888888888888889,0.5,18.0
17,1.0,0.25,0.4,8.0
18,0.0,0.0,0.0,13.0
accuracy,0.5697674418604651,0.5697674418604651,0.5697674418604651,0.5697674418604651
macro avg,0.6057699381228794,0.35051467700898437,0.41087935257681174,430.0
weighted avg,0.6048231658901974,0.5697674418604651,0.5219457479261679,430.0
