,precision,recall,f1-score,support
0,1.0,0.375,0.5454545454545454,8.0
2,0.6,0.3,0.4,10.0
3,0.5330882352941176,0.9477124183006536,0.6823529411764706,153.0
4,0.0,0.0,0.0,2.0
5,1.0,0.5,0.6666666666666666,2.0
6,0.7142857142857143,0.4411764705882353,0.5454545454545455,34.0
7,0.625,0.2631578947368421,0.37037037037037035,19.0
8,0.65,0.37142857142857144,0.4727272727272728,35.0
10,0.75,0.8823529411764706,0.8108108108108107,17.0
11,0.5238095238095238,0.6875,0.5945945945945946,16.0
12,1.0,0.21428571428571427,0.35294117647058826,14.0
13,0.75,0.5142857142857142,0.6101694915254237,35.0
14,0.7368421052631579,0.7,0.717948717948718,20.0
15,0.75,0.13636363636363635,0.23076923076923075,22.0
16,1.0,0.25,0.4,16.0
17,0.4,0.2222222222222222,0.2857142857142857,9.0
18,0.0,0.0,0.0,18.0
accuracy,0.5930232558139535,0.5930232558139535,0.5930232558139535,0.5930232558139535
macro avg,0.6490015046266184,0.40032268137576826,0.45211615586373666,430.0
weighted avg,0.6248628110975112,0.5930232558139535,0.5447131344267842,430.0
